reigon,chromosome,pos_hg19,liftID,PP
8q24,chr8,130156143,chr8_129143897_A_G,0.200826
8q24,chr8,130154246,chr8_129142000_G_A,0.127168
8q24,chr8,130155860,chr8_129143614_C_T,0.112915
8q24,chr8,130155422,chr8_129143176_A_G,0.111411
ARID5B,chr10,63777087,chr10_62017328_C_T,0.625291
ARID5B,chr10,63776892,chr10_62017133_C_A,0.559867
ARID5B,chr10,63721176,chr10_61961417_C_T,0.503807
ARID5B,chr10,63777974,chr10_62018215_G_A,0.279422
ARID5B,chr10,63725942,chr10_61966183_G_A,0.222946
ARID5B,chr10,63768270,chr10_62008511_G_A,0.182657
ARID5B,chr10,63768063,chr10_62008304_T_C,0.168636
ARID5B,chr10,63752159,chr10_61992400_T_G,0.154308
ARID5B,chr10,63719739,chr10_61959980_C_T,0.144339
ARID5B,chr10,63754024,chr10_61994265_T_A,0.120647
BAK1,chr6,33546837,chr6_33579060_T_C,0.38129
BAK1,chr6,33546930,chr6_33579153_T_C,0.349524
BAK1,chr6,33541507,chr6_33573730_A_G,0.219523
CDKN2A,chr9,21993964,chr9_21993965_T_C,0.926662
CDKN2A,chr9,22090530,chr9_22090531_C_G,0.325706
CDKN2A,chr9,22047945,chr9_22047946_T_C,0.211441
CDKN2A,chr9,21966527,chr9_21966528_C_G,0.115167
CEBPE,chr14,23589349,chr14_23120140_A_G,0.99956
CEBPE,chr14,23592617,chr14_23123408_A_C,0.764018
ELK3,chr12,96688230,chr12_96294452_G_A,0.501817
ELK3,chr12,96645605,chr12_96251827_A_C,0.271426
ERG,chr21,39784752,chr21_38412830_T_C,0.270162
ERG,chr21,39807033,chr21_38435111_T_C,0.160559
GATA3,chr10,8104208,chr10_8062245_C_A,0.826008
GATA3,chr10,8101927,chr10_8059964_T_C,0.0714969
IKZF1,chr7,50458446,chr7_50390748_G_A,1
IKZF1,chr7,50457637,chr7_50389939_G_T,0.905397
IKZF1,chr7,50355207,chr7_50315611_G_C,0.606824
IKZF1,chr7,50477687,chr7_50409989_G_A,0.199423
IKZF1,chr7,50352695,chr7_50313099_C_T,0.193577
IKZF1,chr7,50477514,chr7_50409816_T_G,0.145472
IKZF1,chr7,50477611,chr7_50409913_G_A,0.110806
IKZF1,chr7,50477144,chr7_50409446_G_A,0.106097
IKZF3,chr17,38007321,chr17_39851068_T_G,0.382241
JMJD1C,chr10,64208676,chr10_62448917_C_T,0.217508
LHPP,chr10,126293309,chr10_124604740_A_G,0.119552
MYB,chr6,135485498,chr6_135164360_G_A,0.108335
MYB,chr6,135536021,chr6_135214883_C_T,0.04824
MYB,chr6,135143191,chr6_134822053_G_A,0.0434665
MYB,chr6,135485094,chr6_135163956_C_T,0.0422326
MYB,chr6,135486022,chr6_135164884_A_G,0.0392493
MYB,chr6,135537193,chr6_135216055_A_G,0.0389943
MYB,chr6,135481885,chr6_135160747_T_A,0.0326968
PIP42A,chr10,22847439,chr10_22558510_C_T,0.978196
PIP42A,chr10,22853102,chr10_22564173_T_C,0.969833
TET1,chr10,70329064,chr10_68569307_G_A,0.232717
TET1,chr10,70324814,chr10_68565057_G_T,0.0846394
TET1,chr10,70324448,chr10_68564691_A_G,0.0547491
TET1,chr10,70330410,chr10_68570653_A_G,0.051421