,numerical_labels,leiden_v10,cell_type_groups
ATGGGTTTCACTGATG-1-9-0,0,Activated stellate cells,Stroma
AAACCCAAGAGTCTGG-1-0-0,1,Cycling HSCs/MPPs,HSC/Progenitors
AAGACAATCCCAACTC-1-0-0,2,Cycling megakaryocytes,Megakaryocytes
ACGGAAGTCTAGCCAA-1-0-0,3,Cycling pDCs,Myeloid
AAACCCAAGCTAGCCC-1-0-0,4,Early erythroid cells,Erythroid
AACGGGATCTTCCTAA-1-0-0,5,Granulocyte progenitors,HSC/Progenitors
AAACCCAGTTTCGATG-1-0-0,6,HSCs/MPPs,HSC/Progenitors
CACTGGGCAATTGCTG-1-5-0,7,Hepatic stellate cells,Stroma
AGCGCCAGTTTACACG-1-5-0,8,Hepatocytes,Stroma
ACGTACACAATCGCGC-1-0-0,9,Inflammatory macrophages,Myeloid
AGACTCACACCAGTTA-1-0-0,10,Kupffer cells,Myeloid
CTGTAGACATTCAGGT-1-2-0,11,LSECs,Stroma
AAACGAAGTACAAGTA-1-0-0,12,Late erythroid cells,Erythroid
AAACCCATCCGGGACT-1-0-0,13,MEMPs,HSC/Progenitors
AAACGAAAGCAGCGAT-1-0-0,14,Mast cells,Mast cells
AAACCCATCTCCTGAC-1-0-0,15,Megakaryocytes,Megakaryocytes
AACCAACGTTAGCTAC-1-0-0,16,Monocyte progenitors,Myeloid
AACCAACTCGGCGATC-1-0-0,17,NK cells,NK/T cells
AACGGGATCTATGCCC-1-0-0,18,NK progenitors,NK/T cells
AACCATGAGACCAGCA-1-0-0,19,Pre pro B cells,B cells
AACCATGAGTCAACAA-1-0-0,20,Pro B cells,B cells
CATCCCAGTTCTAAGC-1-5-0,21,Vascular endothelial cells,Stroma
ATCTCTAAGCCGAACA-1-0-0,22,X,Stroma
AAAGGGCGTAGCCAGA-1-0-0,23,cDC2,Myeloid
AACAAAGGTACGATGG-1-0-0,24,pDCs,Myeloid
