,numerical_labels,leiden_v9,cell_type_groups
ACCTGAACAATGCAAA-1-4,0,B cells,B cells
AACCACAAGGGCATGT-1-4,1,CAR cells,Stroma
ACTGATGAGGGATGTC-1-4,2,Collagen+ myeloid cells,Stroma
AACACACTCTCTTGCG-1-3,3,Cycling cDC2,Myeloid
AAAGGTATCCGAGCTG-1-7,4,Cycling muscle cells,Stroma
AACGGGATCCGCAACG-1-3,5,Cycling neutrophils,Myeloid
AACCACATCAAACGAA-1-3,6,Cycling pro B cells,B cells
AAGATAGCATGTGGTT-1-3,7,Early erythroid cells,Erythroid
CTATCTAAGAGTCGAC-1-4,8,Fibroblasts,Stroma
AACCTTTTCCGCTTAC-1-3,9,Granulocyte progenitors,HSC/Progenitors
CCGTAGGTCAGCGCAC-1-4,10,HSCs/MPPs,HSC/Progenitors
ATCCACCAGTTGCGCC-1-4,11,Immature endothelial cells,Stroma
AAGCATCAGAAGCGAA-1-3,12,Inflammatory macrophages,Myeloid
CACTGAACAGACACCC-1-4,13,LEPR+ CAR cells,Stroma
ACCCTCACAGCGAACA-1-3,14,Late erythroid cells,Erythroid
AGGAAATAGTGTAGAT-1-3,15,MEMPs,HSC/Progenitors
ATTTACCAGCTTTCCC-1-3,16,Mast cells,Mast cells
AACCATGGTTTGAACC-1-3,17,Megakaryocytes,Megakaryocytes
TCCTAATCATTACGGT-1-4,18,Mesenchymal cells 1,Stroma
ACGCACGTCTGCTGAA-1-4,19,Mesenchymal cells 2,Stroma
AAAGGGCTCCGCAAAT-1-4,20,NK cells,NK/T cells
AAAGTGAGTTCGGTAT-1-3,21,Neutrophils,Myeloid
CCGTGAGTCGGCGATC-1-3,22,Osteoblasts,Stroma
ACATCCCGTAGGGAGG-1-4,23,Osteoclasts,Myeloid
GGGAGTAAGTCTGCAT-1-4,24,Osteoprogenitors,Stroma
AAAGTCCCAGGATCTT-1-4,25,Pericytes,Stroma
AAACGCTCATCTGCGG-1-3,26,Pre pro B cells,B cells
ACGGGTCAGGCTGAAC-1-3,27,Pro B cells,B cells
ACACGCGGTATCGTTG-1-4,28,Schwann cells,Stroma
AACAACCTCGATACAC-1-4,29,Sinusoidal endothelial cells,Stroma
AACGAAATCATTGCTT-1-4,30,Tolerogenic macrophages,Myeloid
AGTGTTGGTATGGAAT-1-4,31,Transitioning endothelial cells,Stroma
AGGGCTCTCAGTGTTG-1-3,32,Unknown 1,NK/T cells
CGAGAAGAGTGTACAA-1-3,33,Unknown 2,NK/T cells
AAGGAATTCAAGGCTT-1-4,34,Vascular endothelial cells,Stroma
ACAAAGAAGAGGCGTT-1-3,35,cDC2,Myeloid
ACTCTCGTCCCGTTGT-1-4,36,pDCs,Myeloid
